{
  "project_info": {
    "project_number": "1019726582093",
    "project_id": "extrusorafilamento",
    "storage_bucket": "extrusorafilamento.appspot.com"
  },
  "client": [
    {
      "client_info": {
        "mobilesdk_app_id": "1:1019726582093:android:ec281b683aa225f4bea704",
        "android_client_info": {
          "package_name": "com.xaviale.extrusorafilamento2"
        }
      },
      "oauth_client": [],
      "api_key": [
        {
          "current_key": "AIzaSyC8oZRjJkGQzDzh87XguOLe4lXeZhAvdow"
        }
      ],
      "services": {
        "appinvite_service": {
          "other_platform_oauth_client": []
        }
      }
    }
  ],
  "configuration_version": "1"
}